{"schemaVersion":"1.0","appDefinitionTemplate":{"id":"/providers/Microsoft.PowerApps/apps/","type":"Microsoft.PowerApps/apps","tags":{"primaryDeviceWidth":"640","primaryDeviceHeight":"1136","supportsPortrait":"true","supportsLandscape":"true","primaryFormFactor":"Phone","showStatusBar":"true","publisherVersion":"3.24073.20","minimumRequiredApiVersion":"2.2.0","hasComponent":"false","hasUnlockedComponent":"false","isUnifiedRootApp":"false","offlineLargeFilesSupport":"false","sienaVersion":"20240730T065838Z-3.24073.20.0"},"properties":{"appVersion":"2024-07-30T06:58:38Z","lifeCycleId":"Published","createdByClientVersion":{"major":3,"minor":24073,"build":20,"revision":0,"majorRevision":0,"minorRevision":0},"minClientVersion":{"major":3,"minor":24073,"build":20,"revision":0,"majorRevision":0,"minorRevision":0},"backgroundColor":"rgba(255, 255, 255, 1)","backgroundImageUri":"/15485809368068620676/N5ebdc0a8-9a60-4ece-86d0-c4cc2997dde9-logoSmallFile","displayName":"ATR-CLS&DMR","description":"","commitMessage":"","appUris":{"documentUri":{"value":"/15485809368068620676/N46b19318-8c70-4b7e-9e75-2651d243b210-document.msapp"},"imageUris":[],"additionalUris":[{"isSolutionAware":false,"value":"/15485809368068620676/Nbc9d037d-38e8-487f-86e0-2a2528c491bf-identity.json"}]},"createdTime":"0001-01-01T00:00:00Z","lastModifiedTime":"0001-01-01T00:00:00Z","sharedGroupsCount":0,"sharedUsersCount":0,"connectionReferences":{"c9e52cd0-4662-4e02-921b-7778132649a8":{"id":"fe5982e3-389a-4d4e-8473-b097605494e5","displayName":"SharePoint","iconUri":"https://connectoricons-prod.azureedge.net/u/jayawan/releases/v1.0.1697/1.0.1697.3786/sharepointonline/icon.png","dataSources":["ATR-CLS/DMR-db","ATR-CLS/DMR-final","ATR-CLS/DMR/dd","ATRLoginCredential"],"dependencies":[],"dependents":[],"parameterHints":{},"parameterHintsV2":{},"isOnPremiseConnection":false,"bypassConsent":false,"dataSets":{"https://pandc2com-my.sharepoint.com/personal/developer_pandc2_com":{"dataSources":{"ATR-CLS/DMR-db":{"tableName":"de0027d3-d2e3-4559-87e4-410f309fb48a"},"ATR-CLS/DMR-final":{"tableName":"728bc8b9-a64e-407f-9d56-de60df622cbd"},"ATR-CLS/DMR/dd":{"tableName":"297d60d7-6400-4cd1-b106-481aea4ce7ba"},"ATRLoginCredential":{"tableName":"e5cb9d07-ff8a-4b63-bb76-07b75cb3b761"}}}},"apiTier":"Standard","isCustomApiConnection":false,"actions":["providers/PowerPlatform.Governance/Operations/Read","providers/PowerPlatform.Governance/Operations/Write"]}},"databaseReferences":{},"almMode":"Environment","performanceOptimizationEnabled":true,"canConsumeAppPass":true,"enableModernRuntimeMode":false,"executionRestrictions":{"isTeamsOnly":false,"dataLossPreventionEvaluationResult":{"status":"Compliant","lastEvaluationDate":"2023-10-17T05:05:01.9169725Z","violations":[],"violationsByPolicy":[],"violationErrorMessage":"The app uses the following connectors: ."}}},"appType":"ClassicCanvasApp","appComponents":[]}}