{"schemaVersion":"1.0","appDefinitionTemplate":{"id":"/providers/Microsoft.PowerApps/apps/","type":"Microsoft.PowerApps/apps","tags":{"primaryDeviceWidth":"640","primaryDeviceHeight":"1136","supportsPortrait":"true","supportsLandscape":"true","primaryFormFactor":"Phone","showStatusBar":"false","publisherVersion":"3.24081.8","minimumRequiredApiVersion":"2.2.0","hasComponent":"false","hasUnlockedComponent":"false","isUnifiedRootApp":"false","sienaVersion":"20240814T094034Z-3.24081.8.0"},"properties":{"appVersion":"2024-08-14T09:40:34Z","lifeCycleId":"Published","createdByClientVersion":{"major":3,"minor":24081,"build":8,"revision":0,"majorRevision":0,"minorRevision":0},"minClientVersion":{"major":3,"minor":24081,"build":8,"revision":0,"majorRevision":0,"minorRevision":0},"backgroundColor":"RGBA(0,176,240,1)","backgroundImageUri":"/4406114085723136568/Nb5ca2c82-9434-4997-a03e-f02740f485d5-logoSmallFile","displayName":"Internal Issue","description":"","aiGeneratedDescription":"Experience the power of seamless internal issue management with our Internal Issue app. This app empowers users to securely log in, access relevant galleries, and efficiently fill out forms for effective issue resolution. Stay organized and streamline your workflow with this comprehensive solution.","commitMessage":"","appUris":{"documentUri":{"value":"/4406114085723136568/N950f8acc-8eb7-4e4b-9f71-263cc0aa0502-document.msapp"},"imageUris":[],"additionalUris":[{"isSolutionAware":false,"value":"/4406114085723136568/Nec02dca1-d789-4d5e-8c89-0be0fc219117-identity.json"}]},"createdTime":"0001-01-01T00:00:00Z","lastModifiedTime":"0001-01-01T00:00:00Z","sharedGroupsCount":0,"sharedUsersCount":0,"connectionReferences":{"8d375e4a-216b-4ef3-8067-6cc5ab98316b":{"id":"e281ef73-72a6-43b9-a1f5-bd0fce570c8d","displayName":"SharePoint","iconUri":"https://connectoricons-prod.azureedge.net/u/jayawan/releases/v1.0.1697/1.0.1697.3786/sharepointonline/icon.png","dataSources":["Internal-IssuesLoginCrediantial/MRS","Internal-Issues/MRS-dd","Internal-Issues/MRS-db","Internal -IssueLoginCrediantialSE","Internal-IssueSiteEdb"],"dependencies":[],"dependents":[],"parameterHints":{},"parameterHintsV2":{},"isOnPremiseConnection":false,"bypassConsent":false,"dataSets":{"https://pandc2com-my.sharepoint.com/personal/developer_pandc2_com":{"dataSources":{"Internal-IssuesLoginCrediantial/MRS":{"tableName":"7299fbf6-2361-4eb0-aab2-ba6491e7bf82"},"Internal-Issues/MRS-dd":{"tableName":"552b211f-5d7f-473f-9093-a07a70708768"},"Internal-Issues/MRS-db":{"tableName":"774f1e52-c50b-473e-a994-38b3d460d3cb"},"Internal -IssueLoginCrediantialSE":{"tableName":"6f7aa417-eec7-4109-af9d-0337b392991f"},"Internal-IssueSiteEdb":{"tableName":"0b16e012-d939-4b17-98a8-10edb67b3019"}}}},"apiTier":"Standard","isCustomApiConnection":false,"actions":["providers/PowerPlatform.Governance/Operations/Read","providers/PowerPlatform.Governance/Operations/Write"]},"4cbc0355-2965-4168-9ee3-4206af5dab9b":{"id":"f043c4d6-c31f-4a30-bbff-194fe3a22c1e","displayName":"Spatial Services","iconUri":"https://connectoricons-prod.azureedge.net/releases/v1.0.1675/1.0.1675.3608/microsoftspatialservices/icon.png","dataSources":["SpatialServices"],"dependencies":[],"dependents":[],"parameterHints":{},"parameterHintsV2":{},"isOnPremiseConnection":false,"bypassConsent":false,"dataSets":{},"apiTier":"Premium","isCustomApiConnection":false}},"databaseReferences":{},"almMode":"Environment","performanceOptimizationEnabled":true,"canConsumeAppPass":true,"enableModernRuntimeMode":false,"executionRestrictions":{"isTeamsOnly":false,"dataLossPreventionEvaluationResult":{"status":"Compliant","lastEvaluationDate":"2024-07-19T05:00:56.0536531Z","violations":[],"violationsByPolicy":[],"violationErrorMessage":"The app uses the following connectors: ."}}},"appType":"ClassicCanvasApp","appComponents":[]}}