{"schemaVersion":"1.0","appDefinitionTemplate":{"id":"/providers/Microsoft.PowerApps/apps/","type":"Microsoft.PowerApps/apps","tags":{"primaryDeviceWidth":"640","primaryDeviceHeight":"1136","supportsPortrait":"true","supportsLandscape":"true","primaryFormFactor":"Phone","showStatusBar":"false","publisherVersion":"3.24074.14","minimumRequiredApiVersion":"2.2.0","hasComponent":"false","hasUnlockedComponent":"false","isUnifiedRootApp":"false","sienaVersion":"20240807T110351Z-3.24074.14.0"},"properties":{"appVersion":"2024-08-07T11:03:51Z","lifeCycleId":"Published","createdByClientVersion":{"major":3,"minor":24074,"build":14,"revision":0,"majorRevision":0,"minorRevision":0},"minClientVersion":{"major":3,"minor":24074,"build":14,"revision":0,"majorRevision":0,"minorRevision":0},"backgroundColor":"RGBA(0,176,240,1)","backgroundImageUri":"/10918925242317469127/N148742c5-92af-4a2f-949f-cb573b7da533-logoSmallFile","displayName":"ATR-ProgressPhotos","description":"beta test","commitMessage":"","appUris":{"documentUri":{"value":"/10918925242317469127/Nb51294ca-5e60-4c5b-bd8d-25a33e940c5b-document.msapp"},"imageUris":[],"additionalUris":[{"isSolutionAware":false,"value":"/10918925242317469127/Ne45789d2-f67d-40e5-95c0-5c49920a6ae9-identity.json"}]},"createdTime":"0001-01-01T00:00:00Z","lastModifiedTime":"0001-01-01T00:00:00Z","sharedGroupsCount":0,"sharedUsersCount":0,"connectionReferences":{"4f12d94b-6bb2-421b-95c0-83721d2f9af6":{"id":"fe5982e3-389a-4d4e-8473-b097605494e5","displayName":"SharePoint","iconUri":"https://connectoricons-prod.azureedge.net/u/jayawan/releases/v1.0.1697/1.0.1697.3786/sharepointonline/icon.png","dataSources":["ATR-ProgressPhotos","ATRLoginCredential","ATR-CLS/DMR/dd"],"dependencies":[],"dependents":[],"parameterHints":{},"parameterHintsV2":{},"isOnPremiseConnection":false,"bypassConsent":false,"dataSets":{"https://pandc2com-my.sharepoint.com/personal/developer_pandc2_com":{"dataSources":{"ATR-ProgressPhotos":{"tableName":"7f2a05c4-50da-4046-ab91-264c467a2977"},"ATRLoginCredential":{"tableName":"e5cb9d07-ff8a-4b63-bb76-07b75cb3b761"},"ATR-CLS/DMR/dd":{"tableName":"297d60d7-6400-4cd1-b106-481aea4ce7ba"}}}},"apiTier":"Standard","isCustomApiConnection":false,"actions":["providers/PowerPlatform.Governance/Operations/Read","providers/PowerPlatform.Governance/Operations/Write"]}},"databaseReferences":{},"almMode":"Environment","performanceOptimizationEnabled":true,"canConsumeAppPass":true,"enableModernRuntimeMode":false,"executionRestrictions":{"isTeamsOnly":false,"dataLossPreventionEvaluationResult":{"status":"Compliant","lastEvaluationDate":"2024-06-22T06:57:56.519517Z","violations":[],"violationsByPolicy":[],"violationErrorMessage":"The app uses the following connectors: shared_sharepointonline."}}},"appType":"ClassicCanvasApp","appComponents":[]}}